{
  "Transmission_Power_dBm": {
    "centers": [
      -20.0,
      -12.5,
      -7.5,
      -2.5
    ],
    "ale": [
      0.00908751506358385,
      0.0012653004378080368,
      -0.0048993974924087524,
      -0.005453422665596008
    ]
  },
  "Distance_to_Sink_m": {
    "centers": [
      4.069875000000001,
      9.669875000000001,
      12.823875,
      15.192375000000002,
      17.158500000000004,
      18.85,
      20.455,
      21.984,
      23.357875,
      24.752625000000002,
      26.18375,
      27.425,
      28.463375,
      29.553375000000003,
      30.688125,
      31.711125,
      32.655874999999995,
      33.595625,
      34.533,
      35.46275,
      36.3925,
      37.24725000000001,
      38.08225,
      38.91,
      39.681875,
      40.521874999999994,
      41.370000000000005,
      42.18000000000001,
      42.975,
      43.739999999999995,
      44.489999999999995,
      45.215,
      46.03,
      47.05575,
      48.24575,
      49.4855,
      50.93087500000001,
      52.790375000000004,
      55.150375,
      59.895374999999994
    ],
    "ale": [
      0.004905259236693382,
      0.004376029595732689,
      0.003845127299427986,
      0.003376234322786331,
      0.0026494115591049194,
      0.002581009641289711,
      0.0021937452256679535,
      0.0019189286977052689,
      0.001954382285475731,
      0.0018023531883955002,
      0.0015171729028224945,
      0.0013595856726169586,
      0.0011694766581058502,
      0.00102275051176548,
      0.0008685663342475891,
      0.0006359275430440903,
      0.00034222379326820374,
      0.0003312341868877411,
      0.00034458376467227936,
      3.388337790966034e-05,
      -0.00035745278000831604,
      -0.00024567171931266785,
      -0.00016067922115325928,
      -0.0008962266147136688,
      -0.0010385923087596893,
      -0.0009711943566799164,
      -0.0010674279183149338,
      -0.0010584574192762375,
      -0.001156417652964592,
      -0.0017920490354299545,
      -0.0017240457236766815,
      -0.0019667651504278183,
      -0.002158321440219879,
      -0.0018780417740345001,
      -0.002132704481482506,
      -0.002139737829566002,
      -0.003293316811323166,
      -0.0018479879945516586,
      -0.004769541323184967,
      -0.006573237478733063
    ]
  },
  "Local_Density": {
    "centers": [
      10.0,
      18.0,
      21.5,
      24.0,
      26.5,
      29.0,
      31.0,
      33.0,
      35.0,
      37.0,
      39.0,
      41.34999999999991,
      43.84999999999991,
      46.0,
      48.0,
      50.0,
      52.0,
      54.0,
      55.5,
      57.0,
      59.0,
      61.0,
      62.5,
      64.0,
      66.0,
      68.0,
      70.0,
      72.0,
      74.0,
      76.5,
      79.5,
      82.5,
      86.0,
      89.5,
      92.5,
      96.0,
      99.5,
      103.0,
      107.0,
      118.5
    ],
    "ale": [
      0.03466925770044327,
      0.02672240138053894,
      0.019015103578567505,
      0.015955261886119843,
      0.01299162209033966,
      0.010535173118114471,
      0.0075572580099105835,
      0.005946263670921326,
      0.004633493721485138,
      0.0024702176451683044,
      0.001565679907798767,
      -0.00035509467124938965,
      -0.0009504929184913635,
      -0.0016460120677947998,
      -0.002601154148578644,
      -0.002612665295600891,
      -0.0027842968702316284,
      -0.0032323673367500305,
      -0.0036087781190872192,
      -0.003734961152076721,
      -0.003928177058696747,
      -0.004020951688289642,
      -0.004455059766769409,
      -0.004747450351715088,
      -0.004941634833812714,
      -0.005279771983623505,
      -0.005436450242996216,
      -0.006051883101463318,
      -0.006063513457775116,
      -0.0062103718519210815,
      -0.006470203399658203,
      -0.006648831069469452,
      -0.006719239056110382,
      -0.006774924695491791,
      -0.006880134344100952,
      -0.0069845616817474365,
      -0.007151387631893158,
      -0.007268145680427551,
      -0.007268145680427551,
      -0.007235050201416016
    ]
  },
  "Signal_Strength_RSSI_dBm": {
    "centers": [
      -99.64500000000001,
      -98.95250000000001,
      -98.2175,
      -97.48275,
      -96.78775,
      -96.075,
      -95.35499999999999,
      -94.58500000000001,
      -93.73500000000001,
      -92.86850000000001,
      -92.0185,
      -91.14500000000001,
      -90.185,
      -89.17500000000001,
      -88.075,
      -86.88,
      -85.625,
      -84.12,
      -82.184625,
      -79.66912500000001,
      -75.77425000000001,
      -49.26975
    ],
    "ale": [
      -0.0003279705415479839,
      -0.00022833718685433269,
      -0.0002108297194354236,
      -5.4195988923311234e-05,
      -0.00011671992251649499,
      -8.833210449665785e-05,
      -2.313056029379368e-06,
      -8.591200457885861e-05,
      3.0983996111899614e-05,
      7.368740625679493e-05,
      0.00017225317424163222,
      2.2379739675670862e-05,
      -5.5393087677657604e-05,
      0.00014916708460077643,
      0.0002097519754897803,
      0.00029029056895524263,
      0.00014775514136999846,
      0.0001498455530963838,
      0.0005910611944273114,
      0.0006869196658954024,
      -0.00015595025615766644,
      -0.0011981416027992964
    ]
  },
  "Noise_Level_dBm": {
    "centers": [
      -95.0,
      -85.0
    ],
    "ale": [
      5.195196717977524e-05,
      -5.1952432841062546e-05
    ]
  },
  "SNR_dB": {
    "centers": [
      -19.085,
      -17.081,
      -14.917124999999999,
      -12.572375,
      -10.651250000000001,
      -9.735,
      -8.78725,
      -7.374625000000001,
      -6.017375000000001,
      -4.56,
      -2.8277499999999964,
      -0.9627499999999963,
      0.14,
      0.86875,
      2.07375,
      3.335,
      4.640874999999996,
      6.070874999999996,
      7.705625,
      9.51812500000001,
      11.477875000000013,
      13.926124999999992,
      17.985874999999986,
      42.685125
    ],
    "ale": [
      -0.0073290481232106686,
      -0.0073290481232106686,
      -0.0073290481232106686,
      -0.0073290481232106686,
      -0.007329090498387814,
      -0.007329090498387814,
      -0.007332223001867533,
      -0.007332223001867533,
      -0.007332223001867533,
      -0.007332223001867533,
      -0.0035262166056782007,
      0.005117231979966164,
      0.0050498610362410545,
      0.006222990341484547,
      0.006279686465859413,
      0.006207821890711784,
      0.006199437193572521,
      0.006176992319524288,
      0.005922773852944374,
      0.006021939218044281,
      0.005819444544613361,
      0.005845760926604271,
      0.005799559876322746,
      0.0061659859493374825
    ]
  },
  "Initial_Energy_J": {
    "centers": [
      3.5,
      7.5
    ],
    "ale": [
      -6.020633736625314e-05,
      6.020633736625314e-05
    ]
  },
  "Residual_Energy_J": {
    "centers": [
      1.4675835,
      1.5355385,
      1.5753775,
      1.611142,
      1.6484925625,
      1.6854975625000002,
      1.7210199624999998,
      1.7620929625,
      1.8022055,
      1.842358,
      1.883028,
      1.9190274999999999,
      1.959265,
      3.239299,
      4.5163215,
      4.555770000000001,
      4.593308,
      4.632035500000001,
      4.671251475,
      4.709531974999999,
      4.7490545,
      4.788710025,
      4.828319525,
      4.866488,
      4.906610000000001,
      4.947134,
      7.22209055,
      9.50106805,
      9.542281,
      9.58169425,
      9.62098575,
      9.658886500000001,
      9.70015455,
      9.743677124999998,
      9.781466074999999,
      9.8165145,
      9.855027499999998,
      9.894805,
      9.9331195,
      9.96745
    ],