{
  "float64_r2_mean": 0.079337,
  "float32_r2_mean": 0.079337,
  "delta_r2_mean": 0.0,
  "max_fold_delta": 0.0,
  "claim_confirmed": true,
  "per_fold_64": [
    0.073793,
    0.108975,
    0.072817,
    0.10296,
    0.038138
  ],
  "per_fold_32": [
    0.073793,
    0.108975,
    0.072817,
    0.10296,
    0.038138
  ]
}