{
  "naive_kfold": {
    "xgboost": {
      "r2_mean": 0.808817,
      "r2_std": 0.002545,
      "per_fold_r2": [
        0.81258,
        0.807816,
        0.810572,
        0.80796,
        0.805156
      ]
    },
    "cart_d4": {
      "r2_mean": 0.64643,
      "r2_std": 0.009722,
      "per_fold_r2": [
        0.637843,
        0.657945,
        0.656294,
        0.633431,
        0.646637
      ]
    },
    "cart_d6": {
      "r2_mean": 0.777825,
      "r2_std": 0.002905,
      "per_fold_r2": [
        0.775548,
        0.778691,
        0.773766,
        0.782116,
        0.779003
      ]
    },
    "linreg": {
      "r2_mean": 0.189617,
      "r2_std": 0.002319,
      "per_fold_r2": [
        0.190518,
        0.193067,
        0.186914,
        0.187133,
        0.190455
      ]
    }
  },
  "groupkfold": {
    "xgboost": {
      "r2_mean": 0.797836,
      "r2_std": 0.042163,
      "per_fold_r2": [
        0.721281,
        0.788555,
        0.839406,
        0.830787,
        0.809152
      ]
    },
    "cart_d4": {
      "r2_mean": 0.62788,
      "r2_std": 0.083563,
      "per_fold_r2": [
        0.470055,
        0.658402,
        0.715521,
        0.665121,
        0.630301
      ]
    },
    "cart_d6": {
      "r2_mean": 0.76714,
      "r2_std": 0.054547,
      "per_fold_r2": [
        0.662847,
        0.767552,
        0.814904,
        0.803681,
        0.786716
      ]
    },
    "linreg": {
      "r2_mean": 0.184482,
      "r2_std": 0.025119,
      "per_fold_r2": [
        0.206182,
        0.186825,
        0.195948,
        0.197684,
        0.135772
      ]
    }
  },
  "inflation": {
    "xgboost": {
      "delta_r2": 0.010981
    },
    "cart_d4": {
      "delta_r2": 0.01855
    },
    "cart_d6": {
      "delta_r2": 0.010685
    },
    "linreg": {
      "delta_r2": 0.005135
    }
  }
}